{
    "nome": "Jogador",
    "x": 742.5991821289063,
    "y": 4.505124092102051
}